epoch,accuracy,f1_score,jaccard_index,loss,precision,recall,val_accuracy,val_f1_score,val_jaccard_index,val_loss,val_precision,val_recall
0,0.6854457259178162,0.14397411048412323,0.08241710811853409,0.03855341300368309,0.6854456067085266,0.6854454278945923,0.9738371968269348,0.12305942922830582,0.06909961998462677,0.038832128047943115,0.9738371968269348,0.9738371968269348
1,0.8482712507247925,0.2483331561088562,0.151397705078125,0.03222985193133354,0.848271369934082,0.848271369934082,0.9757607579231262,0.2625797390937805,0.16454370319843292,0.03415433317422867,0.9757607579231262,0.9757607579231262
2,0.9081677198410034,0.33989372849464417,0.21688732504844666,0.02819085121154785,0.9081679582595825,0.908167839050293,0.9573310613632202,0.4216388761997223,0.2900353670120239,0.027796803042292595,0.9573310613632202,0.9573310613632202
3,0.9292450547218323,0.39413756132125854,0.25943395495414734,0.024798505008220673,0.9292449355125427,0.929244875907898,0.9738332629203796,0.4858670234680176,0.3472772538661957,0.023063000291585922,0.9738332629203796,0.9738331437110901
